match_id,date,detailed_stage,stage_group,team_1,team_2,team_1_score_raw,team_2_score_raw,team_1_goals,team_2_goals,result_decision,team_1_fouls,team_2_fouls
1,11/06/2026,GROUP STAGE,Group Stage,Mexico,South Africa,2,0,2,0,Normal Time / Extra Time,12,11
2,12/06/2026,GROUP STAGE,Group Stage,South Korea,Czech Republic,2,1,2,1,Normal Time / Extra Time,9,16
3,12/06/2026,GROUP STAGE,Group Stage,Canada,Bosnia & Herzegovina,1,1,1,1,Normal Time / Extra Time,10,20
4,13/06/2026,GROUP STAGE,Group Stage,USA,Paraguay,4,1,4,1,Normal Time / Extra Time,13,17
5,13/06/2026,GROUP STAGE,Group Stage,Qatar,Switzerland,1,1,1,1,Normal Time / Extra Time,12,11
6,13/06/2026,GROUP STAGE,Group Stage,Brazil,Morocco,1,1,1,1,Normal Time / Extra Time,16,14
7,14/06/2026,GROUP STAGE,Group Stage,Haiti,Scotland,0,1,0,1,Normal Time / Extra Time,23,21
8,14/06/2026,GROUP STAGE,Group Stage,Australia,Turkey,2,0,2,0,Normal Time / Extra Time,12,4
9,14/06/2026,GROUP STAGE,Group Stage,Germany,Curacao,7,1,7,1,Normal Time / Extra Time,18,11
10,14/06/2026,GROUP STAGE,Group Stage,Netherlands,Japan,2,2,2,2,Normal Time / Extra Time,7,7
11,15/06/2026,GROUP STAGE,Group Stage,Ivory Coast,Ecuador,1,0,1,0,Normal Time / Extra Time,10,13
12,15/06/2026,GROUP STAGE,Group Stage,Sweden,Tunisia,5,1,5,1,Normal Time / Extra Time,10,8
13,15/06/2026,GROUP STAGE,Group Stage,Spain,Cape Verde,0,0,0,0,Normal Time / Extra Time,10,1
14,15/06/2026,GROUP STAGE,Group Stage,Belgium,Egypt,1,1,1,1,Normal Time / Extra Time,15,15
15,15/06/2026,GROUP STAGE,Group Stage,Saudi Arabia,Uruguay,1,1,1,1,Normal Time / Extra Time,11,6
16,16/06/2026,GROUP STAGE,Group Stage,Iran,New Zealand,2,2,2,2,Normal Time / Extra Time,10,8
17,16/06/2026,GROUP STAGE,Group Stage,France,Senegal,3,1,3,1,Normal Time / Extra Time,5,9
18,16/06/2026,GROUP STAGE,Group Stage,Iraq,Norway,1,4,1,4,Normal Time / Extra Time,12,13
19,17/06/2026,GROUP STAGE,Group Stage,Argentina,Algeria,3,0,3,0,Normal Time / Extra Time,13,8
20,17/06/2026,GROUP STAGE,Group Stage,Austria,Jordan,3,1,3,1,Normal Time / Extra Time,12,7
21,17/06/2026,GROUP STAGE,Group Stage,Portugal,D.R. Congo,1,1,1,1,Normal Time / Extra Time,9,10
22,17/06/2026,GROUP STAGE,Group Stage,England,Croatia,4,2,4,2,Normal Time / Extra Time,10,12
23,18/06/2026,GROUP STAGE,Group Stage,Ghana,Panama,1,0,1,0,Normal Time / Extra Time,9,11
24,18/06/2026,GROUP STAGE,Group Stage,Uzbekistan,Colombia,1,3,1,3,Normal Time / Extra Time,14,11
25,18/06/2026,GROUP STAGE,Group Stage,Czech Republic,South Africa,1,1,1,1,Normal Time / Extra Time,12,10
26,18/06/2026,GROUP STAGE,Group Stage,Switzerland,Bosnia & Herzegovina,4,1,4,1,Normal Time / Extra Time,7,18
27,18/06/2026,GROUP STAGE,Group Stage,Canada,Qatar,6,0,6,0,Normal Time / Extra Time,9,10
28,19/06/2026,GROUP STAGE,Group Stage,Mexico,South Korea,1,0,1,0,Normal Time / Extra Time,9,7
29,19/06/2026,GROUP STAGE,Group Stage,USA,Australia,2,0,2,0,Normal Time / Extra Time,12,16
30,19/06/2026,GROUP STAGE,Group Stage,Scotland,Morocco,0,1,0,1,Normal Time / Extra Time,11,8
31,20/06/2026,GROUP STAGE,Group Stage,Brazil,Haiti,3,0,3,0,Normal Time / Extra Time,13,14
32,20/06/2026,GROUP STAGE,Group Stage,Turkey,Paraguay,0,1,0,1,Normal Time / Extra Time,14,15
33,20/06/2026,GROUP STAGE,Group Stage,Netherlands,Sweden,5,1,5,1,Normal Time / Extra Time,9,12
34,20/06/2026,GROUP STAGE,Group Stage,Germany,Ivory Coast,2,1,2,1,Normal Time / Extra Time,5,7
35,21/06/2026,GROUP STAGE,Group Stage,Ecuador,Curacao,0,0,0,0,Normal Time / Extra Time,7,10
36,21/06/2026,GROUP STAGE,Group Stage,Tunisia,Japan,0,4,0,4,Normal Time / Extra Time,8,15
37,21/06/2026,GROUP STAGE,Group Stage,Spain,Saudi Arabia,4,0,4,0,Normal Time / Extra Time,10,2
38,21/06/2026,GROUP STAGE,Group Stage,Belgium,Iran,0,0,0,0,Normal Time / Extra Time,7,9
39,21/06/2026,GROUP STAGE,Group Stage,Uruguay,Cape Verde,2,2,2,2,Normal Time / Extra Time,11,4
40,22/06/2026,GROUP STAGE,Group Stage,New Zealand,Egypt,1,3,1,3,Normal Time / Extra Time,14,8
41,22/06/2026,GROUP STAGE,Group Stage,Argentina,Austria,2,0,2,0,Normal Time / Extra Time,13,13
42,22/06/2026,GROUP STAGE,Group Stage,France,Iraq,3,0,3,0,Normal Time / Extra Time,8,4
43,23/06/2026,GROUP STAGE,Group Stage,Norway,Senegal,3,2,3,2,Normal Time / Extra Time,13,5
44,23/06/2026,GROUP STAGE,Group Stage,Jordan,Algeria,1,2,1,2,Normal Time / Extra Time,11,6
45,23/06/2026,GROUP STAGE,Group Stage,Portugal,Uzbekistan,5,0,5,0,Normal Time / Extra Time,14,15
46,23/06/2026,GROUP STAGE,Group Stage,England,Ghana,0,0,0,0,Normal Time / Extra Time,14,24
47,24/06/2026,GROUP STAGE,Group Stage,Panama,Croatia,0,1,0,1,Normal Time / Extra Time,19,12
48,24/06/2026,GROUP STAGE,Group Stage,Colombia,D.R. Congo,1,0,1,0,Normal Time / Extra Time,12,16
49,24/06/2026,GROUP STAGE,Group Stage,Bosnia & Herzegovina,Qatar,3,1,3,1,Normal Time / Extra Time,9,14
50,24/06/2026,GROUP STAGE,Group Stage,Switzerland,Canada,2,1,2,1,Normal Time / Extra Time,19,13
51,24/06/2026,GROUP STAGE,Group Stage,Morocco,Haiti,4,2,4,2,Normal Time / Extra Time,10,18
52,24/06/2026,GROUP STAGE,Group Stage,Scotland,Brazil,0,3,0,3,Normal Time / Extra Time,10,11
53,25/06/2026,GROUP STAGE,Group Stage,Czech Republic,Mexico,0,3,0,3,Normal Time / Extra Time,9,13
54,25/06/2026,GROUP STAGE,Group Stage,South Africa,South Korea,1,0,1,0,Normal Time / Extra Time,7,9
55,25/06/2026,GROUP STAGE,Group Stage,Curacao,Ivory Coast,0,2,0,2,Normal Time / Extra Time,11,6
56,25/06/2026,GROUP STAGE,Group Stage,Ecuador,Germany,2,1,2,1,Normal Time / Extra Time,15,10
57,26/06/2026,GROUP STAGE,Group Stage,Japan,Sweden,1,1,1,1,Normal Time / Extra Time,20,11
58,26/06/2026,GROUP STAGE,Group Stage,Tunisia,Netherlands,1,3,1,3,Normal Time / Extra Time,11,10
59,26/06/2026,GROUP STAGE,Group Stage,Paraguay,Australia,0,0,0,0,Normal Time / Extra Time,9,6
60,26/06/2026,GROUP STAGE,Group Stage,Turkey,USA,3,2,3,2,Normal Time / Extra Time,13,13
61,26/06/2026,GROUP STAGE,Group Stage,Norway,France,1,4,1,4,Normal Time / Extra Time,9,11
62,26/06/2026,GROUP STAGE,Group Stage,Senegal,Iraq,5,0,5,0,Normal Time / Extra Time,10,11
63,27/06/2026,GROUP STAGE,Group Stage,Cape Verde,Saudi Arabia,0,0,0,0,Normal Time / Extra Time,10,16
64,27/06/2026,GROUP STAGE,Group Stage,Uruguay,Spain,0,1,0,1,Normal Time / Extra Time,14,14
65,27/06/2026,GROUP STAGE,Group Stage,Egypt,Iran,1,1,1,1,Normal Time / Extra Time,11,16
66,27/06/2026,GROUP STAGE,Group Stage,New Zealand,Belgium,1,5,1,5,Normal Time / Extra Time,10,7
67,27/06/2026,GROUP STAGE,Group Stage,Croatia,Ghana,2,1,2,1,Normal Time / Extra Time,9,13
68,27/06/2026,GROUP STAGE,Group Stage,Panama,England,0,2,0,2,Normal Time / Extra Time,16,13
69,28/06/2026,GROUP STAGE,Group Stage,Colombia,Portugal,0,0,0,0,Normal Time / Extra Time,12,6
70,28/06/2026,GROUP STAGE,Group Stage,D.R. Congo,Uzbekistan,3,1,3,1,Normal Time / Extra Time,6,16
71,28/06/2026,GROUP STAGE,Group Stage,Algeria,Austria,3,3,3,3,Normal Time / Extra Time,3,7
72,28/06/2026,GROUP STAGE,Group Stage,Jordan,Argentina,1,3,1,3,Normal Time / Extra Time,13,7
73,28/06/2026,ROUND OF 32,Knockout,South Africa,Canada,0,1,0,1,Normal Time / Extra Time,10,16
74,29/06/2026,ROUND OF 32,Knockout,Brazil,Japan,2,1,2,1,Normal Time / Extra Time,4,13
75,29/06/2026,ROUND OF 32,Knockout,Germany,Paraguay,1,1p,1,1,Penalty Shootout,18,12
76,29/06/2026,ROUND OF 32,Knockout,Netherlands,Morocco,1,1p,1,1,Penalty Shootout,18,15
77,30/06/2026,ROUND OF 32,Knockout,Ivory Coast,Norway,1,2,1,2,Normal Time / Extra Time,6,7
78,30/06/2026,ROUND OF 32,Knockout,France,Sweden,3,0,3,0,Normal Time / Extra Time,14,10
79,30/06/2026,ROUND OF 32,Knockout,Mexico,Ecuador,2,0,2,0,Normal Time / Extra Time,10,14
80,01/07/2026,ROUND OF 32,Knockout,England,D.R. Congo,2,1,2,1,Normal Time / Extra Time,10,12
81,01/07/2026,ROUND OF 32,Knockout,Belgium,Senegal,3,2,3,2,Normal Time / Extra Time,22,12
82,01/07/2026,ROUND OF 32,Knockout,USA,Bosnia & Herzegovina,2,0,2,0,Normal Time / Extra Time,7,13
83,02/07/2026,ROUND OF 32,Knockout,Spain,Austria,3,0,3,0,Normal Time / Extra Time,8,15
84,02/07/2026,ROUND OF 32,Knockout,Portugal,Croatia,2,1,2,1,Normal Time / Extra Time,6,12
85,02/07/2026,ROUND OF 32,Knockout,Switzerland,Algeria,2,0,2,0,Normal Time / Extra Time,10,12
86,03/07/2026,ROUND OF 32,Knockout,Australia,Egypt,1,1p,1,1,Penalty Shootout,12,14
87,03/07/2026,ROUND OF 32,Knockout,Argentina,Cape Verde,3,2,3,2,Normal Time / Extra Time,13,12
88,03/07/2026,ROUND OF 32,Knockout,Colombia,Ghana,1,0,1,0,Normal Time / Extra Time,14,10
89,04/07/2026,ROUND OF 16,Knockout,Canada,Morocco,0,3,0,3,Normal Time / Extra Time,24,14
90,04/07/2026,ROUND OF 16,Knockout,Paraguay,France,0,1,0,1,Normal Time / Extra Time,13,11
91,05/07/2026,ROUND OF 16,Knockout,Brazil,Norway,1,2,1,2,Normal Time / Extra Time,7,6
92,05/07/2026,ROUND OF 16,Knockout,Mexico,England,2,3,2,3,Normal Time / Extra Time,14,7
93,06/07/2026,ROUND OF 16,Knockout,Portugal,Spain,0,1,0,1,Normal Time / Extra Time,9,13
94,06/07/2026,ROUND OF 16,Knockout,USA,Belgium,1,4,1,4,Normal Time / Extra Time,11,9
95,07/07/2026,ROUND OF 16,Knockout,Argentina,Egypt,3,2,3,2,Normal Time / Extra Time,13,11
96,07/07/2026,ROUND OF 16,Knockout,Switzerland,Colombia,p0,0,0,0,Penalty Shootout,22,21
97,09/07/2026,QUARTER FINALS,Knockout,France,Morocco,2,0,2,0,Normal Time / Extra Time,10,13
98,10/07/2026,QUARTER FINALS,Knockout,Spain,Belgium,2,1,2,1,Normal Time / Extra Time,13,18
99,11/07/2026,QUARTER FINALS,Knockout,Norway,England,1,2,1,2,Normal Time / Extra Time,10,8
100,11/07/2026,QUARTER FINALS,Knockout,Argentina,Switzerland,3,1,3,1,Normal Time / Extra Time,14,18
101,14/07/2026,SEMI FINALS,Knockout,France,Spain,0,2,0,2,Normal Time / Extra Time,11,12
102,15/07/2026,SEMI FINALS,Knockout,England,Argentina,1,2,1,2,Normal Time / Extra Time,11,15
103,19/07/2026,FINAL,Knockout,Spain,Argentina,1,0,1,0,Normal Time / Extra Time,21,25
